{"file_hashes":[{"block_hashes":["RhG3jZDiZPOqVACV1AEKjcfxNZXUJ4xdhDnbnnc3EMM=","DB62hTen7HWtaWydu2eEnei2/556lAEf58LV5Xd/97c=","h6AGXT0+zDxe6gKlVPAaGmN3P/Eu8fwkFm+tMYElB/c="],"block_size":4096,"path":"_locales/iw/messages.json"},{"block_hashes":["N2ASMk7Aw8a3HuKmg539Aw4la70p4wndH2MTjShHkFU=","TzAsmhdLi/W0+dPEOejrDOfZ2iIdVKV40urfSc76f9s=","fx02byPy6Q8M1uHx1vyUAPcLJn1SXjqkd+5HTStcB5A=","N4Vf/5Vp+j+7wESvcxCMDgsQPTjwM94MIPj7qwADbLg=","EsY4jvK0vnjUfEYl69IncrQJN6NvQARwV+uIRBpC+MY=","dXqmVRAcU2aQQhjn943RhLjG0t+bkMEKgEbc7Ds965M=","sSk22xr7KxHJ0JyYgyEzP0Ae6ynkXtgvNVtfK9Chmwg=","GE3lzbCeQbKPFdEctjQsgC46AfTLcjRT7RfiYBraVGw=","UCIUzk5fYntJ19vQMixYmKF0ObNetsxeA4srAVy1jZE=","0m2oCy4ZsENsX4v83BAxCKy/tHDjRbwwPXOW3KvaxI0=","Y/ausEowsEHXucf/pKoo4BZ7zpmIQEuG6zDb9HvvQHU=","on3mJb3uV/GvMn4Om8caeLjRk05n36XOhDYo+iXZwbI=","7rrjQy+/9iHFl44+LkxX/jQrOIn4BBy1BXiGJtXxFDA=","/UxdGCNzMviBe4otfvg1TenL8FdWPduCjrJ8+pCo1+o=","ghHNsph4EsXWCg6QUAPW9AIUGsNNYDhwGZzchSYnz7Y=","fIkxMPA8+xuoKOIwFCLvxo0kieo9p17m1E1LNvDkGSk=","PVvC/m6/U0lJQj8wEMHgq5Cw33IdQ9sIn3NKswjSwfk="],"block_size":4096,"path":"chext_backgroundpage.js"},{"block_hashes":["prqjW/x/9trS+80JHLS3su6nhbPZDs4r3czfl53rCyc=","mbb6/OrI401fma3+IR5hRJCdQ37Rm4CbZDL/3dpjcFs="],"block_size":4096,"path":"chext_common.css"},{"block_hashes":["Lp1MozLulQBRK/Yg3wgUzIcFLsu37kfxjWnzn9sTuXo=","+zVDs/YIAsrechAxLMA+A+T09PMPldgTYQb/qk/EZDg=","GC5lXbGkU9cEDMkCHCsK4FfbNmjv+RZRb6aeZqQqV/s=","j0lJGWUz0YnjzmObn743gh2AdhI3+1k9NKEM5JwqA9M=","fHBe4wMfcCMZY7AlYcOGwmBUpxZHe+YTMEdMbngt9e4=","bijiG7f82XUJGkN3W/+fI/G+/xLu/CydMZXYPpU1ahQ=","XQLeI7BI3wYuAYa9ubflzjC57Ubp1Fe6Rei3lRA9WaA=","cgl1C8Sv5zzhl8UtY2/Nn+quroXwCKs5iASMyvG7CvY=","Y+Q5E7qvDwgXl3kSamxWR3k97moLm8JngoTIiEDndyQ=","Fy/u10jkj5QYw1fv6JAIBNtuSWcvpv9O1//fPZy1L8k=","2Jk/iMgLuMfBz2DeaUYbdg7ulhguXks3I7XhvjO9fZQ=","9YFEs+P213frjXi8pveU/Y8zHFa/KnDUlNJwM/ZR59Y=","osi1Q6JDwTK1YNkUqyN6c7yKwl+BXBZ7zZGxKBF7RfU=","XSG0RhUmlHECd+pmSXa5wtu7mVwM3pBm9yItU38Bllk=","bHy0XwsyMrWz4k5jUvzP9Ie46jlWut7zey7IWo3+8wA=","xiJEoYX6pI8B68MYHR1C0nMI60pFFt647c06fhIhXRk=","w1rf/fNySlAZ2wTvAJ1G5I6S1qjwKJjikAOhVTZVZms=","TaakUDy6nYXZpb7MElx22Zo7ipe5j7Fcy1RSmtX1aR0=","/5ns/AAf0DyvfgYGiJAKvlTQK+gJXJo/21aeNnGZMek=","FONwzUDjvfkw0KLCjEx9rD7tb0c7jiWU3qvPc8d/rnU=","CYexxW4f5cy0+uqLr+7hrG91csbss2lDvZweOAJXISA=","BGdmXZLQWHxICwnTv2UmPo/Qy8jjfobIK4a6SdeSxJI=","cPsCYk4Zmsn/uHE7dGWbm8pBPMtcZQr1amRe+5ix7I4=","5JMi72R2auN62E7fXKr3lzHcbVXIfyxN/73miZSeS20=","NGNcrsg0ogESBKaDMlZrH5KoSAVDLYGk1u2kHoqQF98=","pHLdrEV19VT+8QLbxoJNDkGyFkdqItXy4PpZq3SEmNg=","Z9HaNn1uTzNCI6Pgj1pMbfvN4/bGSyuP3wSb81SZGkc=","W0+KWvnazBKBqCvo6iXXDHOL/HQpyxB8zJv+r921qbU=","Oikb74BDgAbaiUfBJ0KWWhPfjn0doMTvLJfhMhABWUI=","pGN5z5qjTo81q37mD2639+P1OW7h6WSfcsai00gnuV4=","d9/ypFFwLaB+5cUbjmyV5e1rUVFa2MfpsTedhZWXmjU=","eQgssCYy1xrzOF0JT4DCoSDhQ4j//2xxLWJELDM1544=","k1mk/V97fsn56xE1RkYjEUndXyncZbETKF3stT/bZXc=","OE9liNi2GMb5iWpXfAIy4oBcsN+YrHN8VJeliJ+5zPY=","22JUVsx68RzILpb68BcG1pPweWOD/TZhtg3sQtsoXt4=","rGkCOyMobRO+JCa/2i4nklt7TFlIygYWA1xFyFYgx2k=","pTrYFpn/vTW8b73FH47pfPE4g+9uJF/RVryhm9bRUAY=","pJflXpOVu8FZvNCq/YpHKLGmfatCkrf5tRCmHACbuiw=","8Fb3x3dvO0eHEAf96DTy8mt+GiQLga1GVSSuoI3ehmk=","m+KwjaEWbIOpORTMGVId8CLg1egixfaSQ+iLSCq1l6I=","FVZ4CfToC4I42o0pHpoSe11gJ1I9g0TorDwmFfE+1nc=","XvrBEVIx7QSMoRqKNiCk++yU8VHiKAwgO5L5VR88Ah4=","J/4AL7qrUTCbFFhA1BZc7bR9Z/yro7czxvAoSUuDCrE=","yfu/qSSdzzMe4t/kPkM8nA4BegwsOnSuJQkkj+MVdaM=","3KaHv7nS9fBeumMzEFMtP69eCc/88GeP/Y9MmWZgqxs=","ou7tl/lRLApIkSNMQro7m8vVEmp6l6yp735vjXGv2VA=","ZPu1wvtseoiqYMg2/K+T9gAvjuMRJWdw7IcavFOcMxQ=","1xdNvmio3oSB/90ph6MB6K5gsEgdU3Cdbqev89SDUhI=","twEABVcH7zKzhreFRfDFsbdPcCa3kS4hSAaCltdvOyA=","RypvqqdMCxXmxn5KYm8tsneD4vZNKFXGSvkWawSj+RE=","KCBfW7G8fNK+/NS9sd9PDaE+jAaClKCf4a7uUy+7WCg=","VHMp26nhtEZ+aeYzLPl45a1IPS07Q7P8G6Ppq4GJ1u8=","RCOcYjO5RnDHxXbr/T9cgArIDd/Pw83QSM1gxias4XQ=","KGCng/vaYeYQSVRHskXuMlcwAk5svj08opBIuGnor44=","+3xgeXLRpYR7VQO3OvXOLsDjCTpnOQnjLNYzFqEw+g4=","eu80iwWrFgezYRHjdX2jN6wnO1UeIg7LrSnHXN8Ah3M=","2sby2lJcwsh8rArE2DuBaeSfqiGAU6sFA9aqA/gXjh0=","tzZyTsCmYEc0Wj8UfJ5j49iBmIroXBXOmL4qP+5DVLU=","pA+jlX01pIgWrhG0cUg7N/Zv3tTCYlOgG2ug3N4j/6o=","aEANuQVqoIYHm9mve8saD35Lnprpl8tfxehjYhY/mjc=","dBJaOm1alqA6U68PebkvHj0xvNWm43VNnrrLUcayY1E=","wMSiGhYX0LMCUhMQtFO2H195qdb2c4QkrqX11Q93Mhw=","qevr41BOEdmeobflJzKO1+QJQ0kjATWW5LMmCBtnsxw=","8zpPwvH4nUav3XvBiI69Xs+DPyg8+AsE5Hnvx6oL9No=","XdIzCbml57APD911D9NuUc2xE4xIsK7EJFRDYZ9vmcw=","fm/UnC2KFozHhv+4FLU4vO25r9V5N44WokWN85iICpI=","LkgYOo8srU5a8sL3AiXwGLygj+9sfREzaXu9mcqVALo=","uURlr7jOeJFp2v8ng8eOJqYIzDAuPR7wwy8Wregwi90=","5SrolDd+knP0ez6gGSmJ4bNEK7A5z4J3HhQPWmrDtBo=","x2e4msa5gZuHlnAomO0LTkLRjUbmLh+juEWqYn/i/AA=","PvmbyP47yISwTF6TYoV5SCzNa1XBvWryvWXz0DQOLiI=","A/1nlBILmpnoR6wT7FJtz0YrJyAEg85NNP+9YQij+uA=","NCjPtn29of6i+p312pDpFQ2+GDhrfbufLrCG2f40YYY=","rjFzXnOEJXXob5LRDOp71TDf7ynZP2Hh2zKcetSNUzQ=","RTldKvlu18zrDQrVmSGzdAPP7fNTx3GItSP7sl0k4w4=","v8sfxfMCp9nqYYVGPaWM2WakQpk/p8J/7AglUok+4mY=","swOIaPV0jPEhgs3lNDSnfahLDqci7tQvR5jZvpDeCpU=","+k7lmoZVyZJ7pv9SbaSBcVliLovopzdlzYLim7Y6FEo=","HPCPkIfBDjbCxKgXdbz1civl7P6QN0xD/7A2ZwYjJs8=","koV0/Rkpx6VKHfCuPEmYOaRy3TXYj/XPc3/GlMnt0po="],"block_size":4096,"path":"chext_driver.js"},{"block_hashes":["XYiGzpBbB1KsOZYfS9sTcbnbvtZqFXGlZJ+aky3vf3E=","6uTiCMll9kaNp39Y0xzr2n361nrrv9uC0wZOH6Ks87g=","qJgfrGkAMtCFbXLktDvRrKMBl2svDG7fyLxMCKogvB4=","AdxFU+vStI5dkDqb6GjfhHmizpge0alDuqNOngP+GFM=","QGhjnnfqmBQ1jcouTpQaVbn04nD2cU0BDc66mJCHfrg="],"block_size":4096,"path":"chext_inputtoolsbin.css"},{"block_hashes":["5MbPA2AcaDHpfxreCBPs1Jx97gb+vRctsRGzkNmwWMw=","Z4wTUmD5EeyznI/VtEkeKW2042UcyoVGb3CjzNguug0=","tljezrTJ+AzRXhsyMWy5aeqLDEslfRpBeXmQ082C8tU=","KGFUMAvhOuo2wurpk0AQPFQZEAxL2+WRWQPz2S4pLjs=","mys/aMKEHRun+YK+fshBTBrS7ZAs9n6zmy0I8GLkBOc=","MJ9YCy941sSzvlXICHCKPekg1KWRrm2UYFPRZM/IXNg=","1Wwul87RT+mMp01zW5+7H26BAxaY23q92fy7bi/fwoQ=","HYRs06cSJqqv5aRdTCtatpYoffEEH6aP6LsEQ/YqU+E=","gvDEkeaffOjgvqBrCv5Wif9KUYwZuU5iwOPEJoQFlSc=","kyZTYT41lO+CWyZWpi2fd7WzRw5pi+/6LKAOEHw1GZA=","nu0rdM1PIgx7NyJbUbi85rWAn9Pzn4TAh4lsjsU93uc=","U4BUFm0wUepgoB0SDuq5CkzfNmNvoMUifOHL/YAOv9I=","dEupG34oH67v5A6hPKfiXLEt9uN3g76rkNIfrBelVKE=","AGv4OuTiRW+5c+Cx2vuMTMlIxxT+G2u19TxJaHvSuYs=","TQXZgPiv2PqRn3i866bIrOwg5UOQNi2q80aTlLVzjUw=","je4PKuwdkf1N/g7oUvrXmasNlZlnXJd+XiEI8rNjn/k="],"block_size":4096,"path":"chext_loader.js"},{"block_hashes":["PK4PGMEg2QbXxrQykOB4BIrvdY/7x/5B7vZVcxcPVbc=","u3fuI5t5pB72W1YcxXPUfTRRgRfo+9GIMJ/WHiUm8So=","5tafQGhpW+380WSTZqm5a53HpXJVDnAYrqEOJsnzgp8=","eH/tCsuWwsiIEWK8cq3Ugvy1fAjLb4l4zW1ZQFFtaA4=","L/iaXtUqL9HL2oy/T+NTusuUT4U4Efkp5HjVnyjlHcw=","2+2G3X1CbtaIatisCFqzAxLzAxfkmVmiIcB8sRDpMAQ=","MiomKqOuGostoPH0Ehd5U+K7OK0V5v2Bu7i6R8i1jJI=","TzXciwa9zFceNMSE8yuEmZok57nVCUUm9aLUtDU+HV4=","OE1qDv2CrqnU/P6juieK6pDj/+m92foONrtiqdFOAys=","bRsw3hcXwPn4oftNDyQouof9gpNmZkbBQakcMJEX9N0=","KNqAMuaDUAaiKq0QItBi2r3va8rK0S2e3B1mZDYHjb8=","f61pVFFNa9gv1HTnADG3BSlTB5FOHUnc6G607keT9hg=","ALxfworF61irCH24DT9iiKpejlfwLi5lruY0YuSKDOA=","kKoRSUJu4nvIU7qxj1xcHy6Ce3p8fku/pCc6LAmk2O4=","XjwblTAn8mq2zKtvBF5YF9AFWeZw/TSeqMM09pE4KYg=","iqNmirYcrssV8NoYaRisOm6UJlhrU/wxBLCyY/ApZoc=","qckN/kNUE0dZN5w/YI50Ln4T4oxTdt0f3dIes80yZkc=","Kmak6dXHagzxrZtMG/bxGfM3CCfgKoAq51qQb1OTTXA=","T8M83EIUOYVotEGW6IU7Hy4oyJB2YxzoN3necE/ng8s=","0JVeHl/+bVaN3u/kvFHLllZ4KMS3j7kzVd4cwZlLrSQ=","O8mFJbUV/BELoSTswMR3tYUGXSUn1Fx0o8AT3gL3UC8=","sIpNpeMnJykcPbEPWSDWTd8AXqerCGqaXIB4Lhma/KU=","ffP0sPmQkYrAUXgx+QxtCBJRqSOxFaKIDCtDQpw9LH0=","ylqm38ZnS8rqzPfbfBS/oj8XtRpmiw5AU7JCCHXrdAM=","BtL+A/kE1EF90csUhSymfWV3ceuyPID4VTwt0hioZrY=","IJH49ZV6duZUT7JKLU/GlyUkpsK42SHjslN1pT2Bjyc=","CNM/F6ClmY79HxYCHaiQ8S0D0BeKAzQt9SP/dMIEzC4=","3+WqQAxJbrF1805FN/EhQU3ZG2ob8bRtOb316ZopUwg="],"block_size":4096,"path":"chext_options.js"},{"block_hashes":["fYrfY3OLh2xryhKUvm1utW6bU/uGHX1uV547mqr3CFI=","uimbjCGO9r6cG74qXckiY25tk6XSWfvtF2rG6nNqwbg=","EBwXlJ/CI5+SdO/TUtCrXfanqGNC5b5w0QBgcFhkSd4=","z+aqe+Rnp93UxjyNJiwxOZyqzS/3uumQ3WXsmFZSpaE=","Bc6WlRf568MEA+J6w9CGwiChJ0HWVvdrVD8oIJbZSzM=","/rR54feQZuFiaiIIJyT6o5uums7yBz2w2J/Q9cRNJpM=","gg44D/K6v29lU5NTmW7USJsHIKrqEUDI3hqzjzGvYE0=","XyojBZld16WYQKM1eNJpEgcu2LrKJky1UKD9a/UALGQ=","9lvhyUOSGMZJKFF6hEXxDQOHODoxoNjbtpAPM94o640=","Iq1BctXyUSOz/j29hnkY4beeePxaW/VoiJCFh8VCgsk=","n1HfTD7mowQaa8MkNhLEnzrFHLkXlLabxLsPFz8M3YI=","Pc94QprLQaQqpaXzzrCQjaqXbnCjlCCFzEOVk2W39mk=","AsNYbmKCdrzooPe/iguvXuk6highmG1NC/ag6mNkbXc=","Ka5doogAcFuIy72bmCIInWa5jzir5vW3W/QUVRA6eHw=","5Q4moFjsHKyfxIu/XTzcsSNeWYmsnORxSLbHI7IBDdc=","sssthzVv6Vf3gG53X15Sro1GnYXD29pUH9grRlwl7A0=","aYL8bq0jdxcLlNNEooE1B2DXAjEsriypaGWPG59sg9Y=","jsUyd3Yzr8o02n9OzsED78zvKIKVsbXGwKOhassEHwA=","X4xDDPKCgHqEXBvGLWiPiHGDqmL9O4eoZTdwZh45a8Q=","uyFKrReWkM70G4sjd7b4lBgOWw/r0dUWQby6A2woLB8="],"block_size":4096,"path":"chext_popup.js"},{"block_hashes":["biwmYGKrWBYHcmWaeplehc8w/fp6CKgwVrc98/HOcpM="],"block_size":4096,"path":"chext_scrollbar.css"},{"block_hashes":["MMxMYe4OrZrKgF43v/4ECa5lGYYgye5G/uNLGQvbpNI=","LvLzs113yE9uQRvtHqzyL6+tgc77+5EllwQuJZL3i4w="],"block_size":4096,"path":"image/Chrome_IME_Active2X.png"},{"block_hashes":["EtWpOO4cJp/jYmB4e4P0sOi/AkehF8hurdmRxCn95LU=","LvLzs113yE9uQRvtHqzyL6+tgc77+5EllwQuJZL3i4w="],"block_size":4096,"path":"image/Chrome_IME_Inactive2X.png"},{"block_hashes":["sUQuhbA73K9m3FjHq7mHRd0mh9hjUL6aKYodk4KshJs="],"block_size":4096,"path":"image/cleardot.gif"},{"block_hashes":["xPSDA+FWlw/w1kbbol1yH3VXYgXC4SlwQPiywwfzcxk="],"block_size":4096,"path":"image/flat_input_tools_logo.png"},{"block_hashes":["e6/q0fCHmEX5E+CfX6tJs0o/vhAoSoxt08XfbbFtAak="],"block_size":4096,"path":"image/flat_property_icons.png"},{"block_hashes":["+rpor8j8C49qnmKQyuH+wKqTOOFM709RqDArhfGhfqQ="],"block_size":4096,"path":"image/google_logo_41.png"},{"block_hashes":["pm+htjcdn6fTAjIeyQVCl9Aa6RjGvjPo/XlPwfXCzVA="],"block_size":4096,"path":"image/it-128.png"},{"block_hashes":["3k76ew8md9PNG+csEafpOf79J6VW33XlNiog4UL0GRs="],"block_size":4096,"path":"image/it-16.png"},{"block_hashes":["OS3B7M34UmZqyDmftvILRla29C/gZE9XqDpfoPCXII0="],"block_size":4096,"path":"image/it-32.png"},{"block_hashes":["qfTGsAMiae1eTK62jHHmuGj2jk/mEbMKzwjusXzY1ms="],"block_size":4096,"path":"image/it-48.png"},{"block_hashes":["cgVPnD5TDyT7YrnM+GkWyB9bEm0PaiNZ7pY5aWBfF2s=","pIO91tjN4qiE+1kbLNFp0cCifxU2wbuP0zFGmaMOvoM="],"block_size":4096,"path":"image/ita_sprite5.png"},{"block_hashes":["WE2ss/uMgLsgH2PF8+FoQJcGHjyOde/AiQcIyCOzjSQ=","9nbdyfhyW6LKPznQD3DV7WpJuJKZchd9hFXlZYcm2E4="],"block_size":4096,"path":"image/ita_sprite6.png"},{"block_hashes":["bkCGpondZKsOVzgzGfeBS/IvJfE94yF/QXbHORmVRrU="],"block_size":4096,"path":"image/pencil.png"},{"block_hashes":["q4+/ev0o3Zr4vl99G8e+OMfMxcypQBMXPZCDGNoqZNQ="],"block_size":4096,"path":"image/search_button_normal.png"},{"block_hashes":["tWQHZ/E6+rgSmlcpnhEGEcyA8OuXZTcwUtWqWuwAYCE="],"block_size":4096,"path":"image/voice_disabled.png"},{"block_hashes":["pxSXik0AcUUJNw67nKX5ciheL94kK1Mdc0qoHbMCB1Q="],"block_size":4096,"path":"image/voice_enabled.png"},{"block_hashes":["TPth4w/eBr6xo7qJtKXKs9o6Wqmrvi+GMEpqRW+OBEw="],"block_size":4096,"path":"image/voice_speaking.png"},{"block_hashes":["ZHDrRcwZW+H3mQa3uAOH9y/a8ofacdY19VnXyMayBxg="],"block_size":4096,"path":"imeconfigs/am_t_i0_und.js"},{"block_hashes":["cB/5dH6TW0FwFr8MNXmLXqefZ1xfGYfiGTZEt0lcUuI="],"block_size":4096,"path":"imeconfigs/ar_t_i0_und.js"},{"block_hashes":["eGaih8RsB11VZUe0DHo7f0Ty3SEZMUzMUogtWbIB3So="],"block_size":4096,"path":"imeconfigs/be_t_i0_und.js"},{"block_hashes":["bg3RKvQvr8A9xDUOSuW1Z810Rx4KkuExzCfF1PF+odk="],"block_size":4096,"path":"imeconfigs/bg_t_i0_und.js"},{"block_hashes":["o9Z3KkYe0qPSWCzElWf06YsiN/JlThDvyj1J2Hb39no="],"block_size":4096,"path":"imeconfigs/bn_t_i0_und.js"},{"block_hashes":["e8QSZ2t9K0BmmZB+qLpYjsqTZ5HwRJT5Cwureep6sHQ="],"block_size":4096,"path":"imeconfigs/de_t_i0_und.js"},{"block_hashes":["8YEVilWzaQla2s+1qYqfaSsxYmFwNV+DXPb4kDfDv00="],"block_size":4096,"path":"imeconfigs/el_t_i0_und.js"},{"block_hashes":["ZydDlqXhkDEpEWfrwkutAjfAwIm/1hyDA/1gkVnGsjE="],"block_size":4096,"path":"imeconfigs/en_t_i0_und.js"},{"block_hashes":["eIETWMrrXwrrcWQlaVjpfrnYmwCafLO/KdnBEnOknDk="],"block_size":4096,"path":"imeconfigs/es_t_i0_und.js"},{"block_hashes":["qb82VtqICf4y94S2DGRkw2eqsLHiFWwS+4usjnf37QQ="],"block_size":4096,"path":"imeconfigs/fa_t_i0_und.js"},{"block_hashes":["v1FtOEP8XI4x/iAgO3VkgYCfXNPj2fmhzJGe/g3MWAs="],"block_size":4096,"path":"imeconfigs/fr_t_i0_und.js"},{"block_hashes":["8KBM812JrE5um99bg6wecUnbZpoxI7ZOVTdCqkqDO6E="],"block_size":4096,"path":"imeconfigs/gu_t_i0_und.js"},{"block_hashes":["FLywMk1uMUFauPSv/AkwVxvY0KlXyxzeqooh8VSQOSQ="],"block_size":4096,"path":"imeconfigs/he_t_i0_und.js"},{"block_hashes":["Qg0R9U/rnsZYeut8Exfc6mNqcfz1PS4YdthnO09eX98="],"block_size":4096,"path":"imeconfigs/hi_t_i0_und.js"},{"block_hashes":["7FU/wHl4i/qqcvzxF0LLmmYFHfys4pfZchbSPHyd0hU="],"block_size":4096,"path":"imeconfigs/it_t_i0_und.js"},{"block_hashes":["Qb+JZKaUe2qXNjwcLDyv5gg9GPGH9uKLjMSQlZ7qEro=","sjd5byar2f0mStd/YUowjTRcLcMIVbZSTuZ3NW0RSNE="],"block_size":4096,"path":"imeconfigs/ja_t_ja_hira_i0_und.js"},{"block_hashes":["t7fY+39DNfpCAA60MrovueeRbfZe4K4ctDUFhOO5CUU="],"block_size":4096,"path":"imeconfigs/kn_t_i0_und.js"},{"block_hashes":["tM4XZ2iBeaAiviUwWXAEEoynh8C4QJMRHVm6sE4FUcY="],"block_size":4096,"path":"imeconfigs/ml_t_i0_und.js"},{"block_hashes":["0PhUXwxDR8ZHUBS8dkZdexvKo0T3smFGdd2JJ1Fqh9w="],"block_size":4096,"path":"imeconfigs/mr_t_i0_und.js"},{"block_hashes":["zF8FEzOv3ImnCTReZt15EXTDWZeBFzLUg5FSFIEL4SU="],"block_size":4096,"path":"imeconfigs/ne_t_i0_und.js"},{"block_hashes":["7u18gqMEL9UMmN3ePpFvBxIb44asbfcOipQsWKa0e9U="],"block_size":4096,"path":"imeconfigs/nl_t_i0_und.js"},{"block_hashes":["dgOq/a1YENGAuA70ynxo93LKc0okCJHCmKmdKrtTPI4="],"block_size":4096,"path":"imeconfigs/or_t_i0_und.js"},{"block_hashes":["Y4+j+Rxnyu5VMbX4M9NkWBL2y68ZZ3iBF3wCSqCZEDU="],"block_size":4096,"path":"imeconfigs/pa_t_i0_und.js"},{"block_hashes":["o4H9+TdDkVYw3ZQ0e6PuDMfK1+m1adXQtrywpVOMQU8="],"block_size":4096,"path":"imeconfigs/pt_t_i0_und.js"},{"block_hashes":["3utlEH8IsvxoDt4lo0vFMbWeoqDwzCdcIjQ7QRJ8kOY="],"block_size":4096,"path":"imeconfigs/ru_t_i0_und.js"},{"block_hashes":["JHoNfWZdlLl5wWE7xJq5YVHuZICir8ILLNBeRooqwrA="],"block_size":4096,"path":"imeconfigs/sa_t_i0_und.js"},{"block_hashes":["n2WhoCF17Q369RJckBh5ttg4chM9QSd8Gr6+h5gaR3Q="],"block_size":4096,"path":"imeconfigs/si_t_i0_und.js"},{"block_hashes":["xkiLui83z/PCGg1qKTYLZaes+B7P/9Rkh4TFvULHbX0="],"block_size":4096,"path":"imeconfigs/sr_t_i0_und.js"},{"block_hashes":["Bbo/nT47G3LpTVW6+pinrHrXICWcWqpT5nVcS0OFYRM="],"block_size":4096,"path":"imeconfigs/ta_t_i0_und.js"},{"block_hashes":["cOD2QcvsfZTguZFW1smen1M0pjcewM9SEz7bsQV8/5g="],"block_size":4096,"path":"imeconfigs/te_t_i0_und.js"},{"block_hashes":["PFkrh/HE9LG+4I8gg6hDFvlTgHFzxXtGRSmFE2i24s8="],"block_size":4096,"path":"imeconfigs/th_t_i0_und.js"},{"block_hashes":["pFvKHX2zw5AkAKij2Hm1om+/EvFNDim8GH8pQm87Qas="],"block_size":4096,"path":"imeconfigs/ti_t_i0_und.js"},{"block_hashes":["OStcykoL67NJQyBgbVg1FQ0+/Q+OI+Ili0p4qQidntM="],"block_size":4096,"path":"imeconfigs/uk_t_i0_und.js"},{"block_hashes":["STZ1myX1LAV4dwDFT/ZPHrsVgLeY6bu1X1vzhijGhK8="],"block_size":4096,"path":"imeconfigs/ur_t_i0_und.js"},{"block_hashes":["tWJBeG+3OND9/2lVRPZYGwY2tFumIzyrV05SbD5a0qo="],"block_size":4096,"path":"imeconfigs/vi_t_i0_und.js"},{"block_hashes":["WH3fAKyo6f2D1NVGqCveY5ot9u5YLrGznSMeKpFCp9g="],"block_size":4096,"path":"imeconfigs/yue_hant_t_i0_jyutping.js"},{"block_hashes":["hEKVKKZV04kD+mMKaZkA7UWOGT2ZXMVcDDP1f45EcQQ="],"block_size":4096,"path":"imeconfigs/yue_hant_t_i0_und.js"},{"block_hashes":["1xMN8LYdahiLtYMJwviJKIicdVmPKx5rsVFpFjjWj08="],"block_size":4096,"path":"imeconfigs/zh_hans_t_i0_cangjie_1982.js"},{"block_hashes":["mspvuqPlO+yt3dkCeXDP0DCdqze+gunm+Eiqau4DKn4="],"block_size":4096,"path":"imeconfigs/zh_hans_t_i0_cangjie_1987.js"},{"block_hashes":["rWrJB4xh4aPfZToyCdI3vFQLlCLuJpETr24a7G81GhI="],"block_size":4096,"path":"imeconfigs/zh_hant_t_i0_cangjie_1982.js"},{"block_hashes":["mgd1DdutQJtQBn4YP5JenIPzzbTK+vO2P1yVyVlyyHY="],"block_size":4096,"path":"imeconfigs/zh_hant_t_i0_cangjie_1987.js"},{"block_hashes":["qdC4zfUviR6YAeATidfr6mdn1RT9fnkEMKSwej3eAXs="],"block_size":4096,"path":"imeconfigs/zh_hant_t_i0_cangjie_1987_x_m0_simplified.js"},{"block_hashes":["wP0+9f3t5P7Z3F3UhrW4Q5Jzui6AZ6Pg0gVuY9+A3KU="],"block_size":4096,"path":"imeconfigs/zh_hant_t_i0_pinyin.js"},{"block_hashes":["EE53ELC86myPWajvFp0E16Pl76te144GGl1K55VvrNk="],"block_size":4096,"path":"imeconfigs/zh_hant_t_i0_und.js"},{"block_hashes":["P3SviKwFEw3s7XWtv7/7+ckC3t1V7ZVW3+AC2rekGcc="],"block_size":4096,"path":"imeconfigs/zh_t_i0_pinyin.js"},{"block_hashes":["zElx4HbqevpNBZIODkuWsL/RuV8FKJzHbT+iFCpSXIU="],"block_size":4096,"path":"imeconfigs/zh_t_i0_pinyin_x0_shuangpin_abc.js"},{"block_hashes":["uhuX0Ib5NC5+fa7KDwhEpMCulmskRQowT7AvnSJyeOM="],"block_size":4096,"path":"imeconfigs/zh_t_i0_pinyin_x0_shuangpin_flypy.js"},{"block_hashes":["bVu5B+eTAQjyo7wvZ7X8WDpZnYlRnTb/bvp7rKBimI0="],"block_size":4096,"path":"imeconfigs/zh_t_i0_pinyin_x0_shuangpin_jiajia.js"},{"block_hashes":["cCekZF8IEaG52gv42CxMN4mqNMV+WtCxHAJUGChpFWM="],"block_size":4096,"path":"imeconfigs/zh_t_i0_pinyin_x0_shuangpin_ms.js"},{"block_hashes":["lYt2/4kZqQFsixVwVkW2v0GbUIb5zw+uFn1PGJHUx4c="],"block_size":4096,"path":"imeconfigs/zh_t_i0_pinyin_x0_shuangpin_ziguang.js"},{"block_hashes":["N1K/C5UHO+HiUw0Dqza/8pWQvaggoC39kXJTwRCmXEM="],"block_size":4096,"path":"imeconfigs/zh_t_i0_pinyin_x0_shuangpin_ziranma.js"},{"block_hashes":["99ZUaTvhYIgN/zkOz267leEWgpgbNOUv8iKgFCnNnmg="],"block_size":4096,"path":"imeconfigs/zh_t_i0_wubi_1986.js"},{"block_hashes":["hfD4/cV4RTj+mqtKWgFHWsib/z+jVLT7B29+7FAFtsA=","9vMb3vb/s3lAqnucnaYXMSnUsiG1X2m154Lp7WeeTCQ=","WtKb2bk+eV1qeIAHUQE2I1K2dwHr63sAMG3PWqTvojU=","z4Vm1GEAFojZt6F6N5+lyTfJuauAf8XzRAes/TdxDKE=","ARB6LXkhfLXkFCxnorJCyVD6lAD+gMqlnF61vBICw+c=","zui2PtAyxqKCkYH458Zw2Qauy31pNsA1uRtMNc8XSWw=","gJ2UXKUpqLIRhIjilN0E3hlFBvfY+18wzTlA+DdpZWo=","HvGRCNUHvojzMNtPTrKb0ZMjGz2zeHJWP1TOuXBYFEo=","mvkfKhbfdIxvRea0faJcsE4ZxxC7BPO0NAy6ShBCz/c=","JFZcsTNCiosOtn9vvrHFc+4fovFEAO5vKljJkO2vnSo=","8tuI1HexVAodbvEQdgEHxPjPY3IZJcxI9gUlphwguHc=","+sZ1wEDjmKwmYUzUSnWY1rUXvrpoRhflHuZMvuAW+3M=","6xOCreCFyPntgCVNOqVmGvcXLQyMXjHvZQiPpmcXBFw=","Udo7ioYC+C2VB7Gh7JFSZvjiUY/Nr3gJPBusMUY81ec=","pmwS+2NQUQO0cYSXYsdjq6WDj83nzO4GxJfsSI7NWuY=","JNhlV1tiUnWqwKtXQcNArKrqPFcRU+uO985t4EZ4f0k=","aSh5ThTaQGilHASTShOCqblB5QI4uadZ30UDZCfzJ6E="],"block_size":4096,"path":"inner_bin.js"},{"block_hashes":["cl90m4sS4AIPCjFQeIZ13jcSpjwWFMO2qHcSMXY8oUY="],"block_size":4096,"path":"keyboard.html"},{"block_hashes":["QHJhatRVRGDXg2BXQuPeQsIje3THpTW1JwDwVgh3Jgw=","dqpJ7GOTdcgSqm6x6h2oz/OzQTOcTvcY8h1isjhhBXE=","iLvDEodNds0VExB8BLJLy1f+iN4I7omD+Ln6jrnKShM=","xeAahKtpsJBS8KcGh0OG+5un7J99JTRDr8upnfC9+fc=","jHLbbSUUQoGgI4F4O2RpTrlN8qwLyoZu2cawZKZyt1E=","DpnG2RxSDK5vetfWzwf6GcKta9fNQ+3QaFrrDbE0KZ4=","VVXuPbNTI3h2pR51FyUD34ZII4WxiKjfL1Rv96jvtBc=","0KyIjk0dV2SHwlZy67hztUDM/Yulp4mVk9UOEpuxbJw=","XfUGCw8vV4u8UPgFG2qykTfkhK20vj+raKdnpEEJ7AQ=","KzfSHqFFruBhb9fLCU9e8jMs14m7c/wwLep6XNdL5Bk=","SP1km+/CP8plFO9k6kUBGzWCf4DRoewIlw28FQtcM8o=","K/2Y7/jFFKpfGFdIbPxf/cukLZUqgk1xyzY95sNwT04=","Z1EHMU5dTwcKJ37s2ZUbRhUAXiWQEUNN3gArxk60TQ8=","z1jt3O9inCf9NWKiTqywaRfgOVh2SaeRw3VelgZO0ec=","0RMlGb8dsijeo4BR31cs3G1edzuYcUtp+rUkYeSF4gI=","qjVkDLOtsAl+E9kWsHLgWBbw6Z4jFRn0QNYcwO5k4yA=","vIGY3UZguFGGCXJux1M6WVau7U1haKNd4qNQ51oJfJI=","kbulr9vg5i7lwTIBQV7WumTl07FxeKWWfSAyGKlZ5ow=","AhPrBoc540ElzJVXQwbgsDv/pVqlZf8B058wIyfqlxM=","1ZczaL1Db1i+rRjgo8QZhHbcon3MitOBNllhoWhRVcI=","DcvSKEXaHWdS6DODbsqkUzrT8u0syy+MrjbdCrj6bVg=","IZbLXFcmpHIXyta9OwsFvk5OnSei8IQMI4r1Be+kcpI=","4TzbIEUdMqdBadFNBgeBPoqpWLkZV5isNV+SilgFKbk=","EPrkMUhgjZpDmqZQ2ZoKM9UR1QM/OSV/18ZCIIQS5k8=","07/OPXUol+UItwV3LyoIg04RSYZUCdt14QQb7bGxOF0=","an5c/u3Pl3oZdRxsjtQ/sMoSmMUmek7LOtYGAN2iOD0=","c7Hzl5Hk70LMNjP7C4xvzr1maTlhjDPkMI+SYTrmK40=","0FWuT3QOg+LsVDrVL+AF4zNIV7yN8fBlv3K/A8w68VE=","UCZh26ApxEACBTm5bvmQe+spJTM0QXMYIo2VemFdo7s=","0x8ygZ73G+mPlHopA41/pqqvVfAwnr5C2O8QN6/Gvpk=","IHKjDi8Heaj/nahwjsS/O6EkmdSDLvQBPPYsgePyR/E=","iZ6GfBajJNEEUV/4rwRXau9Q60OrCkwlT9h3+UysLkQ=","dRu1Sz+itCkg0ngQRB7jELDqoFyXPFzXGZOS8Vr1ueY=","rTU4FmZ99/tVqUmricpX5yaxs0KBsiFIrebg4Qt1FsE=","i9Acu9KwMXTJcS7e02exE9Bhwvt4hwjI2v6yajDfiw8=","E5kj7LYeTrCKWMmbQuHeu6tGIp6pQtcZXDMeMbjSTJw=","14JRCNcBJyTKne6peSvrSBGYgQubbV7DbW5PsDBCcoc=","A3LPE4ZZ/pzzDRmCVFLPffXp1hwJfXWna8ZKiRisphw=","tLrjFZRlMRAvbvBAa1Oe8/Y1eYPulSYFLOBtHCP2za4=","2PHZ4E70Ym/YalCqlkNUuTfLdFV01BuIC/k9YPDplFY=","zIzNgchtECDDuv2O+8lKUv5P7PzN7MHOo+ykAScNjfI=","IImMc9ed24y16McrK2mY9TvL4nN9yhJC9Bcsy5YnHWw=","a63M7aS51oaI7nbOat7SIOjLZ/0mIFYsvlINjXO+vMw=","SEX91e+twR7OlKGqYB88DBMNIhZx03Ozyu6Zdh944KA=","4Xe57OI8ywuyd0p9Bcwr7TH/Q3zNVGSEk+CYrpAmi+Y=","F5yttjlqhuNh0UBhw/0em2rVRkRx2TD8Dgr+y31SK9s=","hzyBPGgRNOkD8xuBNqK+RUOSsoDQ0N24xOSVgvoJqM4=","/Ii/YBhWreIuRcMXxtIjJPyTBysNXE000UPZHz7E3KQ=","gEJSqNHmvccpxsT6R3RCpA+R5nG3Yxk3N5lHlAChVnc=","kKWMOgBlcGWew2SxrBVxh8xKUr3emnW8jhSV4uLLJz0=","Gg6GX/l7/VDyXl7ySjLl2MLbM03/8ICnA0QeRJGtbkI=","MUETUBZw0yC/8gl5iYvSCcM9Tadjj6tAgl1eScl4PyI=","D3t74wLZn4VZe7GsNp+jWbr4200NoOyTwETEsaueD/8=","Zw0Od/3MN760Ake6xOGauDNBugKyHwAKuV2VcSmljzQ=","alGrNE8Y7br23CzrCs9KlVRLvaqBkgJ2sd4prfBgBPs=","RZWRAeSwkPz54xmWMJqrD77arCxLbrWFWxuqglMh5lQ=","AHsve33BHddqSvEOmCmo9eFTckZvAccmDFLiEd+61+M=","hiKI7O07/QmJ9NsEZuOib2jmBUo/DcdN5Ex/HwAe6Dg=","oUmAAQbvZMfkx4CpsQu0070JsghTzkc8VLJrSI8wt28=","+LSR2rh4Mtuh0fBq38PH7pGtpqzcHgZ03oTPdPuR4XU=","ZbXiaHps23mqRnycqI2y6SdBsSbqwUyS02Sps4Yau5o=","Y54zxpV8ArazYKXkals/8TV6ZNpQ497EHMDqXe63A68=","kfvKYdfCDEHOrrzJTac6/PbzQQgQ+9bMQ+Uh3aSfO4o=","uaaz1QL8U2l/jmXDB4PnPlxPMKtyF6jAGFEC9xo+Jno=","BEA7INg3TBscSrqTYF1DEoinf/4/Tna+cLiF9Y+iniM=","s7TyPKR+qGVe/HcPj8VB7W4o4kXcKWwfOyBwGVzXh3g=","b8KlcSz5YI2kBn0uN3RlyPtbDkp37kRrZ4Spb+prtxo=","wpe2IPhYhFZP2UDJzZoeSzJADZ2KZYwI+iXNdS86dRI=","KS2Zgfc75OjvH0ugCdH9/v0wZEnjNmbII3pHdwHcShY=","oRpuPprPPTluy4/MB86Ari3OyK+kZS8BurmkQrryg1g=","DJCbNjvKQ96x9L5xUf4RjWqSkmdZ4uVexja81aVOZBo=","VQFiARfBrq+/6sNcrwekVUzpnR0HEtuEDMjzettqFtE=","BBxpoRScFA+FjDYbHuqZEqF3q3anboQmrfZH19yKoJY=","ExxFO6E8WmTBSk6k+8cdgllLNixm+urcn4RW9vIjikk=","3GQ0Zbp6UENlkPHnK/8Lh8R9aTL6czxqclGvDvly8uE=","9y0dDUx0R+9eRC9AcS4Ft6nq/xuDHKGAmOVHPY/Ma4c=","u/HyU20EV7eWDHzw1w3pjbgnZMERk47H+/YYvXkxHB4=","I6PhPtJuImtbG0PFCmHWDcdRClosRJzCJkwTxHlWS+s=","mJzHNMf9CBrjzZmePC8Nkxag0cu+iBc4lJ8p3dVZAJs=","ZbADaP+CdADXahAL/eB4lAqfqdjlRgshoAmJYpdnnwc=","UnBV6+BOpTwprrcuGa4u8rDC5Gvw95RZB3VSI1WEOJo=","i6b9g/0I8ihv5kPT/E9E2xigvlLylOmfZxaSIZ0lL3s=","a3vLKDauOJkFb8hBpiHXSAZ0NE/SwkABT0jQsZq2sLM=","nkJU7m1qHYj7JzxAG0W7Uj28DKsMMMZWRvM3LvKE+fY=","6vPhVsoW9+SItibqDRzXyJipistfF/CzDt310jZbHCM=","28lZPYei9cyW8kT1dnm502s43Om4wegDEtupHVpplZk=","RJFKTJDns5jgIvX9em5MDxjJsgvur++pTFvs+UdS+WA=","XghAhst67ajCiwjrmnMJfx/q41hSLoTm/R1U7OJI6MY=","i8e+pw5TUnYHNG8HP+zyAa3bnORbk686vfqDqXaPIKM=","LKsHQ/1mUP9OBIrWKCjfWds84BvLrxdr1mWg8Rvu6MM=","aFQqs9kfXTaaA9+tsSi3A8o8I3HlgfWkhwiSUrw78AQ=","vZzo9Tb838idDkmRu0CZvPCiMW4GV+tdpQueBQbdRwo=","KqJR/xXi6iOzyVcyWKeLb2Q1EJzlr4MqreME2cQZZpY=","G7vnoZC821z3aob6pT3F94vTdJ+lEPzZzYBB/keIY6k=","35oBy37YV14pZgc0GeqLMYc600seSx7pbKZDpBOh5BQ=","EfMAfWUyNm3HWZhbryCztgL3+uNxAr4nk1NBIz+fQnc=","xD8MvHrIkkTlMxXL7I38AO1w8hp/paZA2r3pbwquHiQ=","/Y0dYTuao+9GXbxn4wQZgfzxouKmEqGaCs7BPtdgDGg=","5xH5bZLgdWPxILaNhNbW9yDbUu1mSUGQth5hnZZ2UVw=","aLR8uTXf90aUPoJyoOKz2FOAxBR9cYLO9C5vOa6yif0=","jlnpNJq+wDxuSyRyQB6Ry+6eCe23tBFFXDo1sKOayh8=","PjaXHxmyFQt6EkcYQKLCvSJUcjr1uUItJ5dYHjaIjo0=","fgmmASNuc2EoVbeE9bbffhpcEsmyIKd0r6T5S+yGJ58=","SaudtNwLzjvWW1qYMAR5XPT9+vd7rZleipEHY0SBCH4=","B0W/FpaxdnSPAWz8KyyGReFO3hXVPAuqV9RMBRmP2yk=","xfaR1aM3ZSEwV47peeJPO8ij+sydWuWx3ctv7U+UOj8=","4EH5h6HSH8BcRLcnW+HOo3jM7abXBGdlTBEMFFLyfQk=","TO0jBX6c3e6j5X1f9RS26RBoGL2/wTuuhyUUYeQF8SI=","8AJmlNoSIWiTvKG27iBISynIHBAjCj9LIfo/jzSAqU4=","c2Xt6iJbyw+Uv/SPMLCQA6jKJFD4fE0W6BrtdK/e0jE=","UVMlP85OkCwC8FfXvf0+O4sMgtJ1MWTQSNxXU3fTFgM=","h+rdf+8r2I5JyPr7I/VH4Qg26yVrhooH1Jdgm/yLKTU=","dPsZV08oVDhF1ajtfUiWxEMWO9pPJRavxi4sACAV1ls=","z2EoH5hEzNu2qaFaHk+WxVYRKKLMvME8caLs4pKKyZk=","h4h0H9cAyHb3bTT+NYkIIid0QXYNkYXA34+kd5dIcK4=","tNV4YK0BuQAjLphrbleVqW8ZlYyMRmYUgsTWhmqtg9k=","jGSvfHFSaLfILUC4OuIm6PqghMaSS1pDxUoC7/lsJZ0=","mTl019pG3Lb4qwXGKZiexVIYd/WKIwHyxm6hYMZ0SFc=","Qd7qn7l/SJBzBXyWtFMMN5mjjzdr6yQLDzDkRecgg7Y=","Xl90LgwQ1uXfIW055aRCn+S28o/XwvynwChvVaf5Xg4=","mlDx7/Q+oUElIK9z8QipjZIfavE3oNhV6MOfdQYSmzM=","Wt4JA829/p7J4b+LywfJnImb5yLF20WDO5goZ5iDAOI=","QB04h1VJk99IfrkLmSh9vXJXdE3D8NTP7qnBDSkSgtE=","lH7a+Qzg54XLbVFBEng80yOyKkEmCBp81Sv3+RLFnBA=","tgdCicGPmaNDFstxV+E11DUQzvDjxzXCR6tRbYh6rsw=","Eq1bvo6a4f8L2eXMn0Dsfx1SHLHwk/vLBzZYfmMtOGE=","V2ATTNFqD/NHjw8WDUmoyW4t/UfGce2gY3l+yJyED6w=","siEgkI/OB8n9PHFP7GXCJEcHK0zXug+o8ZMvTHVoWtQ=","PX725wyDR6sRB2MZWJnrzhhfvPfldK86kZzDzp4IgFg=","QFico8trdXO/wnfinnxxgOvW6XWp2KT5+F1jEpRuTqs=","44sn6cFcnJSNe++3O589TN2hQ/wRr5ZO84Pyqm3pKv8=","jsETvByY5S2FrJEZPpW6fQ08tLn7jZPiHDBpchjI6YA=","YTmed/iSmgR9ERRFf6fiv2hKd6N6WdqJWhalw7G2JA4=","7RnBBnc1ZF78bFcPGlXML9tH8KQlDte+MBF8U9DTjqs=","VYzQwEj1g2weY0IVpnOVYDM9DR2mmNriLRZFh4aHLrA=","IhoHGM6x8FyZHocAhIt6Kr1ex8M8WT4UPboZMZ+05Jw=","PzATrn4rRn0ciRKCh54LT5rAZ4zF7adU7poE9VPRj98=","7ODVY0Dkp86ovHemwVYKH63jrnOPPR2GIcqTILFjWwQ=","LwO1TIxPe4AropSgUozR1jdycMFJkLLf5iH3AKkwEvM=","maRbe++G//Gpy9Zxqle87RdkICjc4cfFoXnpz0kdWO4=","z3qiPyaZ7WrInh1HUGnB/NUNDV4hw2KtyJ32RhU0/yo=","Gvj/PVQOfRw2ZpFUwXILEoNb4DswdLLozs8GX9Zzbhs=","3lE6JArlLbUTP+VMqsW6J/oBluxO3LoBsSThL/RGmX8=","yPdWtCYCigFYBQGoETju2cD8VDSXV1pRNwi2PJvKe6g=","QVhStyY/7A4z8kVySOCs1dke36V+8SXX8uJR5hYLrVw=","bdq0fwID66NgicrskROznvV++rGodBGelqZSlyz3XYI=","WsseGAG6mJr4ZslQzXz3LKmOjT3RcXhsmoa05dAHU3Q=","6mOdRARTNug+/8UtKFbdiTVkMCjxJvfvApjAcpLYKmI=","qkLJ/jUse2MpiaVu5KEvM4p/2rY4FRYr+9gHJFVcjMQ=","URERp95ysZ2hCatV4SEdPUnP/Ms5JAlB9sxnhg0YtUY=","8TfnyyrW3qOU5Sp4qlH0bkNa+mfzPgQ18WrGz/gSlXM=","/BLRvPvO+XjcbF48CaEbg1m+dLiKYI8aHCgJUFHftRg=","OWAwOPKG2evTduvjhdVTSCth4UjGpx1b838yjG4Q6+I=","vvUlPU4JuNl4L3JJbVXLb6ccLZiSTi5B7ffh7Pv0bu4=","OOXbNxgNX+4I8aBFjuSIjRnokkzy90RBXKaImy7EuWs=","MHJ5i/cCb/+RfV1FkrX/wowGZ2D7gy43CGYpQ0oPa7o=","l7NdKo6cU5AlWHHDivyjKPAAMc11/X0Ezy+AG7uaQ2o="],"block_size":4096,"path":"languagedisplay.js"},{"block_hashes":["6kXJKO6m1yEQhb9REJa2gAtDYSFU3yuMKy9/Xv8ePqg=","3etjKEecrZ6GM3cz9M6TeVqfQzz0R3QwfH9FHaHKupU=","JL+tcksB1JTyHb9N7QWjfsaqQrOLlVlEuLw8SpW86ac=","VvzqGSFZ0+v4+5JwW0vWPAaRgDJVrvyhsYHXa0yWRqQ=","YRIQcce5ijKIWHrIRQ+Gc4OWijFR0C/APDkI/2PwvJc="],"block_size":4096,"path":"layouts/am.js"},{"block_hashes":["EMDKkkrkWGqR23srRhlt1vtCN1TMBdzcSQaCksLhqEo="],"block_size":4096,"path":"layouts/ar.js"},{"block_hashes":["tgvHnoWbjCCzp8nWX9Hw9w0FSr2MaueiQAXmgysEvrg="],"block_size":4096,"path":"layouts/be.js"},{"block_hashes":["AnRsePYWSOq18eXReWnkDpTq1hYd1/XHO68hlXhNINY="],"block_size":4096,"path":"layouts/bg.js"},{"block_hashes":["TPk0+tKAAWP/ASLq4X9jikSKLKA1h45YIP0pYExH0ZQ="],"block_size":4096,"path":"layouts/bg_phone.js"},{"block_hashes":["Dh23Lnbyb9UK7t5oHlFD0nE4D8bObQLC0WsHlV6693U="],"block_size":4096,"path":"layouts/bn_inscript.js"},{"block_hashes":["SfLNcKNwhAG5wxU81rJsmXLWOFIoQRi1OMPKdNbyXVw=","bJOwkjYyBxMBuL0grIVWsKUrpJdaiOnowAhrYyD3YTM=","aQ5euvu5r5KeBv6GwQbA3TAV0sv4oforuliJ4hVF/sg="],"block_size":4096,"path":"layouts/bn_phone.js"},{"block_hashes":["TiNzgrlxQDRlCZe7plRnCHjjUMBCLwH3a0dCScFhchM=","GDiLIY2til4Mk9E4q6/YXF/b/dOqsylcxYLOUwYnK4w="],"block_size":4096,"path":"layouts/bs.js"},{"block_hashes":["mriB+tmVjNS1soG9hLe7DVt+JRfl/4fOz8SbJFHTTZM="],"block_size":4096,"path":"layouts/ca.js"},{"block_hashes":["b0036naMq5zdXVSj8RbPeyaMrnGn5Hg0O8QvykwyG/o="],"block_size":4096,"path":"layouts/ccp.js"},{"block_hashes":["H1m5NcGxm98YYmvj5bXmU2iqv80GIBxsro8sr2F+2kM="],"block_size":4096,"path":"layouts/chr.js"},{"block_hashes":["29s9By1V4x1gWA4OArLx91k+8UloSb3qfiUqtWJIAzY=","W8pKDK5rRBN9CYzORn/503hpLkV+lo84o0/vaiMAss0="],"block_size":4096,"path":"layouts/chr_phone.js"},{"block_hashes":["sD5Ik3JBMDj2FQu5t3Dp3NtyTJW4WYrMBfJssbPlL6k="],"block_size":4096,"path":"layouts/ckb_ar.js"},{"block_hashes":["HKr7cSqhvkDo+Xm6fwrCbpEh/lKakab006vA2xe3lek="],"block_size":4096,"path":"layouts/ckb_en.js"},{"block_hashes":["eHWIzGRrJIFJKiIKjXV0BeIDIXwIcuMR1sVIA6aNA6I="],"block_size":4096,"path":"layouts/co_accents.js"},{"block_hashes":["NRHWKlyPH3go3r+jnBSXohqX2ZWOdxUh3tVv8lhYUcQ="],"block_size":4096,"path":"layouts/crk_phone.js"},{"block_hashes":["fKnsQRC6RtyL03mOvT5GsWMrO5lOa9uNSuwExKCHI3w=","37wyaputhKUOom2BRj6dJ1KaTKxHrM9YCO/fQM+9IEg="],"block_size":4096,"path":"layouts/crm_phone.js"},{"block_hashes":["wElg0EdRhZHY5WY/CyxIv54jSArrtlgmFWvVC7pJ604="],"block_size":4096,"path":"layouts/cs.js"},{"block_hashes":["60ywv8L5IpM2m/E3XaN8ctIyCfMpvAclxyya5vJL0Ek="],"block_size":4096,"path":"layouts/cs_qwertz.js"},{"block_hashes":["rwMwlmkHD9ea503h0kXD1OSx9m9juf88UtiR+xmnvUA=","7E5071rNstcCdEKQMEg/MEH6zCLbaFXTLowTE+uWEhI="],"block_size":4096,"path":"layouts/csw_phone.js"},{"block_hashes":["wNQGT2wYnXl/5GxJDnR2QYEfDaKBGJclQbfMPXuWacs=","iccS7mv1TcN0CyItT+PnoMFA4N+w5N0YIoXxM+nOv54="],"block_size":4096,"path":"layouts/csw_phone_oji.js"},{"block_hashes":["X1Nx7TkaiZw09llZGu1/F9RV2OqMvJrhxYsNTimjw2w="],"block_size":4096,"path":"layouts/da.js"},{"block_hashes":["WaK4l6lW6wSI01v1CykP03oROMNrwOyEDZ6itbUzjug="],"block_size":4096,"path":"layouts/de.js"},{"block_hashes":["IXnK8ZKhj7rhDTIKqub/Bz8sLX7J76JSAU1iY0+2cvM="],"block_size":4096,"path":"layouts/de_accents.js"},{"block_hashes":["2XvAifdo8ooJb+FD27SNR7ljL8NyaQup/5X4vCXaV6s="],"block_size":4096,"path":"layouts/de_ch.js"},{"block_hashes":["dkfrZT9LoMFU9F0zITWzu7I2oI6NjdwxiZ33vMCWLqI=","kUxoyPvCR1DVQty0jkBNGbqD4nAkK+edrTT/LJyGSoo=","WWYE0ORjVwVcdhFZ2ev++0BxUn3U1rmROFfCDQV79Js="],"block_size":4096,"path":"layouts/deva_phone.js"},{"block_hashes":["RoqmJhcCzO1wg2WkO4HhFETwEG9FC1G0dan7qJCHZqw="],"block_size":4096,"path":"layouts/dz.js"},{"block_hashes":["Wu7VTIci6NQkGvxR2MUENJHx++1DcJAKlcW0UOu5+eY="],"block_size":4096,"path":"layouts/el.js"},{"block_hashes":["eYvZbrg8FuQPx25JtldVdLUs8T9br2YtIsLpGCWPjQU="],"block_size":4096,"path":"layouts/en.js"},{"block_hashes":["p+gQi1ynY1Mq+TGcrzIuI2uM8Z51RNbGFphMgDnxRpI="],"block_size":4096,"path":"layouts/en_dvorak.js"},{"block_hashes":["MPpxu2ZHrNHGe3YAVljuL+px0mk8YYD3DsHAje1YKNg="],"block_size":4096,"path":"layouts/es_accents.js"},{"block_hashes":["I7tr2e8oHjGusn7jTdOggIiRCRhAscbgajrliaQqkuA="],"block_size":4096,"path":"layouts/es_es.js"},{"block_hashes":["bzQfRCBgrLCu0cgnjPAwWSY+qDCQzh45KKHmZWoYAsc="],"block_size":4096,"path":"layouts/et.js"},{"block_hashes":["QUnlfQiWTGCqSwXvMpdNjJ9C1vGtLbyGP7bkDNz/g1c=","Vdpim7hpHqVquGvgeBymmJ0fYuFqck5y0l0d4hk/ShM=","yeGtBBkYeR5tb+50PIZN230ZrBkcZmdedOSImLgmERA=","c9+fo59nHZQHn8SYDac0LdeOqy5APPf/DsznXVdkRx0=","cNpNuwM2fm7mOZi/55M9Ao8gDr1YQizEDv/+XhR3lio="],"block_size":4096,"path":"layouts/ethi.js"},{"block_hashes":["ph4Ywd1uFKg2T6g/f/ccqhPFlH369HoMPzbHQKzQL6E="],"block_size":4096,"path":"layouts/eu.js"},{"block_hashes":["C3yAr8jfk2SYYX8zy5YxKckHy/YuCrP9yEKDnzMj1hw="],"block_size":4096,"path":"layouts/fa.js"},{"block_hashes":["CghYoDqzMwrfYUK8HdHH3mBPtIeBDbL/XpeySrCfsfA=","JiJ1PHewR3YjOrWEM4liEHOC432dkx0QiUTtelR8TEE=","XxLe192tUSJ3UzrpqMZW52DRPSbLkZZplJSyqcK9+YA="],"block_size":4096,"path":"layouts/ff_adlm.js"},{"block_hashes":["VWRy1xHcg+RUrv0mYevH0vq9oZjF3wmZa6C/oqFL0Mc=","zejUUPKufvFr36fq5Am7BwF06y5YfoU6gifwLknwcSk=","4VvXinMSXZ6/GFjbJ1oVa5vyg4FhWJq+inbNNovAixs="],"block_size":4096,"path":"layouts/fi.js"},{"block_hashes":["aMxY7Hed+vky+0S/NXvHLSFLW8zkA6prtKz6SQsXCFQ="],"block_size":4096,"path":"layouts/fr.js"},{"block_hashes":["aTFURMd8zfqKGjgeQZObUJEmCR3mO3OALVSbacTXtIo="],"block_size":4096,"path":"layouts/fr_accents.js"},{"block_hashes":["ignda6RI0Y2nLtvsgKugwELHLaXdhGFTeo2OxyXaIbs="],"block_size":4096,"path":"layouts/fy_accents.js"},{"block_hashes":["iX7L9MsOZ/khjEQ8n+Lb9ZheL7xshKfAhv/oYF9yloo="],"block_size":4096,"path":"layouts/ga_accents.js"},{"block_hashes":["mEdpUffxWD3qVn1XVHUFB+f1MHo6HlLMwci2wjyR254="],"block_size":4096,"path":"layouts/gd_accents.js"},{"block_hashes":["SqlveakSCJSZPiH/plUncJGozayracBHZ/1w6kd3124="],"block_size":4096,"path":"layouts/gl.js"},{"block_hashes":["Dn6ONxDrzCWPn8j9vWpyYaZ4OAzR27PNYK2AQV8/rkE="],"block_size":4096,"path":"layouts/gu_inscript.js"},{"block_hashes":["vUela/QRgYDEx3jVRd116SpJmAqHfGPzl4nRuJHBVcE=","pucqkhRu5CYjQwZukGSLCHpAgTXT7EzBcpENEQoK68A=","yS6icqCWTRtGi2wbqnejgTtawi0XnbnithyUhgcewYY="],"block_size":4096,"path":"layouts/gu_phone.js"},{"block_hashes":["JXrx9ZaMCLD3AmHWrCKoG4wr2x+DmubSOJpr61kk+b8="],"block_size":4096,"path":"layouts/gu_phone2.js"},{"block_hashes":["K14eTOXJGV8XDnwbzKaR1zfZ4Loy20XGojOnxFVyfww="],"block_size":4096,"path":"layouts/guru_inscript.js"},{"block_hashes":["H5uxY1sCRlV76wxV7gWRbjIWYBZAbMCNuHCKzwyP18w=","3R9ApA19gKe138F9cGBm37wwTbUU3bAogEuN9aFIniE=","ZppkeHOHhqXgdztXnWCRY7p/ZzGojsxUVOHwv3A9+Ec="],"block_size":4096,"path":"layouts/guru_phone.js"},{"block_hashes":["GkFA6KD4vml0RXwe98Ym9P90dCbO3p4EdaHkMm+slZk="],"block_size":4096,"path":"layouts/hangul.js"},{"block_hashes":["wkUTYSXgBNM37VK4+vPx5kVEaWrdehPWsSLvqIGzWxE="],"block_size":4096,"path":"layouts/haw.js"},{"block_hashes":["lwR1z8yIWxTSsLg3eI4suY7XcfY4rLoNFbAr1BxTYVU="],"block_size":4096,"path":"layouts/haw_accents.js"},{"block_hashes":["kSjgXY7Ybfna9pKJnlQR/hlDHeJ9yzQ0QCcSooMUv0k="],"block_size":4096,"path":"layouts/he.js"},{"block_hashes":["h1ZkTMOl6xY7qVCxXm80i2W6Mqn2lbEniuADXTeVOTg="],"block_size":4096,"path":"layouts/hi.js"},{"block_hashes":["rpXB1zOMEJdzUQqx/Xna/4UiYGphcYOLvYZWwZHFgaI="],"block_size":4096,"path":"layouts/hi_phone.js"},{"block_hashes":["Yp+YT2Kh5qVrIifnJE9SRl0XsCk5oj0Fk8GQwbzQSmM=","8z2EASLwZ6eKRWoLy/VX4RTrW7Tj48XWHsniXnJZRPg="],"block_size":4096,"path":"layouts/hr.js"},{"block_hashes":["LJDbZAjvviyAYFzj5lBob9H5qNqPeRIEK72RnBlFW84="],"block_size":4096,"path":"layouts/hu_101.js"},{"block_hashes":["S40adcRsnJojq5cikbk2rCgvaO4VYNecf9hC0JSinVg="],"block_size":4096,"path":"layouts/hy_east.js"},{"block_hashes":["RlMzFHaApg2LJ+/kMke0sAMTckMjPSGJ4TpW7G1PPPM="],"block_size":4096,"path":"layouts/hy_west.js"},{"block_hashes":["Ah4dmaY46m8Hq0CVCtrTCYj/WaS7L3XI6MPxvbgKsgE="],"block_size":4096,"path":"layouts/is.js"},{"block_hashes":["XajTF+IuWsWSm0OvkAYdQ1bRvK6U2P1NR9Uzjti6xDI="],"block_size":4096,"path":"layouts/it.js"},{"block_hashes":["WwXoL/KQ4gXrzPTqDXNWLCRtRwfYfG1vd57ysy8Ut3U="],"block_size":4096,"path":"layouts/it_accents.js"},{"block_hashes":["F0q3c1+VkPGWnhJBopAoE1N/tNwe2lqdgCDHtV26RfY="],"block_size":4096,"path":"layouts/iu_inuktitu.js"},{"block_hashes":["Zd6oku7IsSV1pRkOilqauqmUSPa36ruZck6TBJayE/E=","s/s/hUrogoHcqw9IcnpJI9IMlNfZP6YhX/c2+aRLy9M="],"block_size":4096,"path":"layouts/iu_nunavik.js"},{"block_hashes":["GIqYbhQWUR+SSfXps9G9Am1XKSGJpRPagXFZ6WipgZc="],"block_size":4096,"path":"layouts/iu_nunavut.js"},{"block_hashes":["VkADuSjT3o0R2kXl0fB+5MLahMcKpJaXVuoXgcRjM4c="],"block_size":4096,"path":"layouts/iw.js"},{"block_hashes":["dksHvV5bIUjWQTfOUDic757BBzY6lhz2o4OFMWcVvlM="],"block_size":4096,"path":"layouts/ka_qwerty.js"},{"block_hashes":["WKrbVlsy3bSWRB4OZciwKRubNc/UM5YF2kl6oTK+FUI="],"block_size":4096,"path":"layouts/ka_typewriter.js"},{"block_hashes":["P6FQ044phPQInwKLAA+9lfKOU3SOXZNCLnZ9B2pQNo4="],"block_size":4096,"path":"layouts/kk.js"},{"block_hashes":["Zs09P/3iARF7ilNMc9nCjKoKgthjQZCB2RjO5RqAAYg="],"block_size":4096,"path":"layouts/km.js"},{"block_hashes":["ad9aS7+LV1MPn93fqqVDT0CFVPC6fXlz829gCDwQPRU="],"block_size":4096,"path":"layouts/kn_inscript.js"},{"block_hashes":["J5jx7udLPcDOFbY+NqAQyuYAgY+7gK7xTuXK96Os1b8=","EoD/G1xiK6qCsg11AnktNUYMM5clj+gOZ8FiyNCoekE="],"block_size":4096,"path":"layouts/kn_phone.js"},{"block_hashes":["0Wq5elAkae5Qfee7QfVc/XrRNLfMwTGlooZYWBtoFIw="],"block_size":4096,"path":"layouts/ko.js"},{"block_hashes":["yu/b8GnYpuBSXRXL+J5mcTG3SDH+dXPKCOLhKrqoFeo="],"block_size":4096,"path":"layouts/ku.js"},{"block_hashes":["hYcUBiP8O5HPfU85E99Ill9itOEaDUf79nXlgr3pK6I="],"block_size":4096,"path":"layouts/ky_cyrl.js"},{"block_hashes":["A4qSOFIij4KlwD+4anQZy2GlOd+xeRKKrxSTqUU2ZVY=","n+ip+OxHqDbuXvT95agmBnKBw9uHb4S7I/MJuxrVOLw=","YHlSU/bbQK6MWkYxGzjz2NSLTcyMNoMg60A2+DbcJng="],"block_size":4096,"path":"layouts/latn_002.js"},{"block_hashes":["kgIsMrAc18mCzEycZQq4Irc1HhM4bADvMmYMX2YX+EM="],"block_size":4096,"path":"layouts/lb_accents.js"},{"block_hashes":["uhitHmUYw5G5RZIrZe2oU14OPbeyQtGe6gwY626Z/g8="],"block_size":4096,"path":"layouts/lis.js"},{"block_hashes":["rlNkmEFQk+jHWzUXYweqmr6eisvjiARXi2hgmS0wJpA="],"block_size":4096,"path":"layouts/lo.js"},{"block_hashes":["K5WM2kAWlNrO1L4Sta9TpwuI1tUvIkJLlOzaUmT1PcE="],"block_size":4096,"path":"layouts/lt.js"},{"block_hashes":["er9KunhAFksEJtvMA1PKc+sMTljdOxJYvBytzJ36Nx4="],"block_size":4096,"path":"layouts/lv.js"},{"block_hashes":["qoEkwoEPs7dclcRRA/C6YFr2A7TekzpukBCtUbRBjKg="],"block_size":4096,"path":"layouts/mez.js"},{"block_hashes":["ZlucbQX0xZg0E0U0KjfK3HWNR3Y/tChHFlQNXXGa0ig="],"block_size":4096,"path":"layouts/mi.js"},{"block_hashes":["pxGcshxezzYa3AJ1wx5ts4NvLIVnZkie5kHBmdbt5sc="],"block_size":4096,"path":"layouts/mk.js"},{"block_hashes":["C0AbP4A0BQjukzJuruf+cyomDzXfSHIV7/FNwTd1FQ0="],"block_size":4096,"path":"layouts/ml_inscript.js"},{"block_hashes":["BMRXkiPnFJl80LkRJBFLFRjOh83uaaJdflD+bTxxO+w=","Pi9YK1GrGhlo8RPmiQ+xUnphMJdyUU4Qx9rn/A5brN8=","CRM8Pd+bGQKJXu6il7uZbIVuPye5EX4YgU+bUZwrB1I=","aMlYde0IvkihbU6igaslNLouTAPRYqS9YMJs4nwFtks=","TBD2h1UjkiewCV/T+1RJANilq1IbLOMHrNSGrrh84aE=","AO76v4CIC/LBSwHrQrX+94orAUlFEHee/AihE8nQirg=","AkX94VSZCkWTIjgPVmIZTgGG/+jeQ99yT/EZ9Ves5Rc=","1YST8r2dsuGr6u47ObImmOWdy8A/8F0sNzt/g/yu/L0=","xARyhjspZCXP/UJ56b+4QtoxT6c59gulkKku3WC+qlQ=","kjh0obpDeYyGJ5yuwJOwIgNilT/xRdZVusgbta3sTQA=","ojW3y9WtlR2fW9u5jZX7TIBQbcfc7v7vKJJ9vIPrwEI=","3JAjvI2y5ZsQL58eDxu9yMDu0lgoyNnrglz735r2+4g=","tuw8fz2MqSDEybhLVxDU1deacoHJzmLGW7tU+SB0xxU="],"block_size":4096,"path":"layouts/ml_phone.js"},{"block_hashes":["r2JoQnMFgnirf2gLAC1I63GnX96URfUXIjqwqcsL7wc="],"block_size":4096,"path":"layouts/mn_cyrl.js"},{"block_hashes":["p66/cRhf2gWV/US6TBY7fZ0CTLZYC1jMBcUqAeUAVaU=","GoeOOoDK54qxOMfefexilX0IG1hhB7HbH7UjZZmLMvI=","Ir58LyryuvkxUmIshc/y0e/9TTbLFT1E2haA9jt5ZY8="],"block_size":4096,"path":"layouts/mni_mtei_phone.js"},{"block_hashes":["rer2SzCnLRqbIHthKIIi2hysLUN9cEHXt1OeXX/TP7g="],"block_size":4096,"path":"layouts/mr_phone.js"},{"block_hashes":["luXRIdBGrkkvx8JTD0ipv7OOvQcYD9+COV4gI2klYVo="],"block_size":4096,"path":"layouts/mt.js"},{"block_hashes":["kgy+lDWIxBzSnSzxiuXiDhzpllN0MloyCd0bNnvudHk="],"block_size":4096,"path":"layouts/my.js"},{"block_hashes":["xnBzd37peH9wglBGPBlf4AqkhHDTDEx9vhjMbOhS1Z4="],"block_size":4096,"path":"layouts/my_myansan.js"},{"block_hashes":["jIrBW0cTjWyduOhHT8bJnrUrhDeM9M+hgVpA2p6OzEs="],"block_size":4096,"path":"layouts/myh.js"},{"block_hashes":["hcxZjAGrUAUmVWaVOySil2E5mYX+lGJAl32jsKahXOE="],"block_size":4096,"path":"layouts/ne_inscript.js"},{"block_hashes":["61Qag8l9syW5D5XiQGI0xe7CjDIbzrjOPAPK8Kq49OY="],"block_size":4096,"path":"layouts/ne_phone.js"},{"block_hashes":["RAGyZXhtshtxSffzUQnI4FA9i2MfdY6M3UOmdOqE69Y="],"block_size":4096,"path":"layouts/nl.js"},{"block_hashes":["DGGLhavobgeSRbrctJ0+dGyQjGS62rBIxNJH/wUwkM4="],"block_size":4096,"path":"layouts/nl_accents.js"},{"block_hashes":["TM83PsjmFZklJvnRCxt2osyorsOt7ZJc4LzLg3bAXfE="],"block_size":4096,"path":"layouts/no.js"},{"block_hashes":["2JMJn+AMdZQEYNq17taRjHS4NNiZsD+n9KPJcFI5AL8="],"block_size":4096,"path":"layouts/nv.js"},{"block_hashes":["y7lQDrD9b5OjaqROM1TXNz8VLXmWZvFe3wSCtZVfF6E="],"block_size":4096,"path":"layouts/nv_std.js"},{"block_hashes":["BPvL0FRkDlGciaZPoSFTSrJq4Qack0bEeB5+9z+iblA="],"block_size":4096,"path":"layouts/oj.js"},{"block_hashes":["5K+HplXl/lqFLq7PWb3OZ2Vhr5/ZlVoZ1ax7vspzDv0="],"block_size":4096,"path":"layouts/oj_ojibwe.js"},{"block_hashes":["WN/EKfOXo36xn2tgY1G8FSLfC82p1yOm9BpN9trAwuE="],"block_size":4096,"path":"layouts/one.js"},{"block_hashes":["qznnbg8urEnnE8IaaYcm42mPCOyjDB3Km59uUuQamPQ="],"block_size":4096,"path":"layouts/or_inscript.js"},{"block_hashes":["UOIo8j09+H5y/f0hJd+MTf+gzIthAoRn0/35Cwr9c1M=","OiDSOqyNUmebDLYHtrBCy+FwZchcDZQni4FykOPP3EI=","7ZQSIuZcIz0ib0MxvKocTffeZg3wnf4YSk62Kb42cU8="],"block_size":4096,"path":"layouts/or_phone.js"},{"block_hashes":["Di8PG+Qfkixe0TgFfPoEEyyGHKJuWiSXaN5xihHRfRI=","GiiJvMk/3SujfXGE2fv+L29s3QLpdH5Crb+j/2D335c="],"block_size":4096,"path":"layouts/osa.js"},{"block_hashes":["xNPb2rBr6Lz9mkyrNH/mh04YgD00/9fgHMQryVZ/Lo8="],"block_size":4096,"path":"layouts/pl.js"},{"block_hashes":["J4DZeUHt57eMg4IVTcFpqbT9ErqifqLKY0AMEzgYcho="],"block_size":4096,"path":"layouts/pl_accents.js"},{"block_hashes":["/b5O3eTvTj/FeggAEG5z6jukq4Jf3o2zypI+f4Wb88s="],"block_size":4096,"path":"layouts/prs.js"},{"block_hashes":["hmKEZ0xfKpbbbfyMr5D8I3XLs67+MhfHwRbjVkoOVoc="],"block_size":4096,"path":"layouts/ps.js"},{"block_hashes":["l83wML0hbeHpBH2JV0M+ACu0reYV/QjW2wY1SOluJos="],"block_size":4096,"path":"layouts/pt_br.js"},{"block_hashes":["t9qoTVOox3B+c+GW9dVBH4c1hz4OzHvfKS+pkVtVv8I="],"block_size":4096,"path":"layouts/pt_br_accents.js"},{"block_hashes":["2Ez+ejtdsSHu8Lzc2H4/nICfiaGUrrSA1KngfkZl1KA="],"block_size":4096,"path":"layouts/pt_pt.js"},{"block_hashes":["cld1JCJOojl0d5Q2PHTNzTtKyO0P72LAGyzLz3BqBy4="],"block_size":4096,"path":"layouts/pt_pt_accents.js"},{"block_hashes":["8BBS0qtWAUA0maxn+h1vJkNw9UEgjV7e05/XKOSRNUg="],"block_size":4096,"path":"layouts/rhg_rohg.js"},{"block_hashes":["tore879/vjOHG+AltjmIwZKrYt2IrNa6ccg59RQoJQ0=","A53JSEgOFxuzqnKnD69GuYAJs16RY1WamOrDUE8+GYE="],"block_size":4096,"path":"layouts/ro.js"},{"block_hashes":["DAqavczWk3TjkVkU09R4PmSBgC7ENog/wfhS8qMQi7U=","O0HyYaF10hlaF02ardAHO4oiWNutbq1BCUEo/HWWsbM="],"block_size":4096,"path":"layouts/ro_sr13392_primary.js"},{"block_hashes":["+aDE0k/rk3iU1FgkiZSR/5qWXFsRS4BEDnc8AIWGcaw=","zZCapfn4F6vsXhXe6SctRA937pDyjg1O+3Ynl4t2P+w="],"block_size":4096,"path":"layouts/ro_sr13392_secondary.js"},{"block_hashes":["kvjCCtqT38OO3OGUJLoXZoyuR+k9NV7yaLmOxL+TeiQ=","K1YM6rmI/d+BHrcc+Wxw4Pe9G+brsQJJKuN9bHjeOTU="],"block_size":4096,"path":"layouts/rom.js"},{"block_hashes":["uo+1jsl2QrHosAcJzT+fogzWbNi7z39+KPfX5gJkpqM="],"block_size":4096,"path":"layouts/ru.js"},{"block_hashes":["yKHvj8FVisffE47YmAY1N7QCaldassjmuF7tAYrrtjg="],"block_size":4096,"path":"layouts/ru_phone.js"},{"block_hashes":["nbPNWt5dqF0sMkiRCOwJm4OUo7CLimyiMZ1NeO7aE1E=","kDBQlUY3RSaxzj+LJpM4lsZej9zLUqPwfbUgC5tTW64="],"block_size":4096,"path":"layouts/sa_phone.js"},{"block_hashes":["7lZtUsG2ZxgS5wv8Ps435UPr4t4Qo45ixCW7PBkJztQ="],"block_size":4096,"path":"layouts/sd.js"},{"block_hashes":["lf/j7rEHWzHOdeVxAureXqdKB1anIlyVrJLEjxs5OB4="],"block_size":4096,"path":"layouts/see.js"},{"block_hashes":["Rs3docM9JtmHYayZrqE1jw4Mf+p1xX1gtYYVLmai7mA="],"block_size":4096,"path":"layouts/si.js"},{"block_hashes":["dan999vgrgS6T0Iy+Y2OUBEG7CvjJm4k5hXKrSEe4gg="],"block_size":4096,"path":"layouts/sk.js"},{"block_hashes":["uhLwg9kLloCR+HepPhbUJmPk+tUTvLiPyYYYjjlHm0w="],"block_size":4096,"path":"layouts/sk_qwerty.js"},{"block_hashes":["935QhbBxcOvymyhBLuE/s02o34d7Jazu2oSJbCqiYMY="],"block_size":4096,"path":"layouts/sl.js"},{"block_hashes":["lIJEkhcCb/wIDuOx3IBJPQ220fGyiADOMn4OpChXjik="],"block_size":4096,"path":"layouts/sm_accents.js"},{"block_hashes":["qknikn7K2xVroG42Dza3UOozELZ+bxz0O1V+l5TQeJU=","Y81khwMVGGIrX986PXdln+G3B17iKsIoICQ1VjLih0I="],"block_size":4096,"path":"layouts/sq.js"},{"block_hashes":["EsWsaUMt65qWKmLGno6+5+D+OasQGxtuopjRxKdFpiw="],"block_size":4096,"path":"layouts/sr_cyrl.js"},{"block_hashes":["hqV9u+Ra/+QDdu5ys+TGfdh08gc2C2mLhgT3Sn+bH/o="],"block_size":4096,"path":"layouts/sr_latn.js"},{"block_hashes":["9fLHK9ydK16aeh5pY2QMKNiHii/Eea/u7i+RGpWEkpg=","nUhdCTBg1t50wNTeXBor4Tz1/qwHjkpnwD4mB4jGVgo="],"block_size":4096,"path":"layouts/srp.js"},{"block_hashes":["3F5S3SA570al2eoDNPDgZDjgotLnUsLT7Xc0Awu5Ckw="],"block_size":4096,"path":"layouts/sv.js"},{"block_hashes":["r8SA5wU7HpH/y9a14tUYQ94gwaUdFOvsPPK1rdRB4+Q="],"block_size":4096,"path":"layouts/ta_inscript.js"},{"block_hashes":["SD83RLG/Hqx6h+3xa5ozlS1OeVHzOSquPgS+peNo+3g="],"block_size":4096,"path":"layouts/ta_itrans.js"},{"block_hashes":["Gb8suwXzlNUxjH/VZDbp/RAUO1DFtN2Fj/6hc4D3KXo=","b2k9lKCjDpK7ZNr3ktKWWcvx8wsGfK1/ko9rxluB6io="],"block_size":4096,"path":"layouts/ta_phone.js"},{"block_hashes":["CHWc+YFgmre8jyaLrHpdxM/U6Lj0jD4xYYFGKPG1QmM="],"block_size":4096,"path":"layouts/ta_tamil99.js"},{"block_hashes":["aNoyjcP3N8zeJxkG+yt1S8S3A1tinMBj8Ia9SK/TzAs="],"block_size":4096,"path":"layouts/ta_typewriter.js"},{"block_hashes":["+d46NfnjBPAeoFbOfyJvlpmSDFUFF/M4/FK+PMbjoh8="],"block_size":4096,"path":"layouts/te_inscript.js"},{"block_hashes":["8P4U+xiZHlvlham+TLntv/GEtXYuxhIq/5k33mhnRU4=","DXHwQngpHUzSRR7W9gtAEKb5Ro9oK9bgC9f1E/KmJK4="],"block_size":4096,"path":"layouts/te_phone.js"},{"block_hashes":["Kytifqd2Zl6zGQl2OaJhpFJicJUin/2nYG9Z5rWaemQ="],"block_size":4096,"path":"layouts/tg.js"},{"block_hashes":["K86nTTVytDTR80V+PZDG1/6YCF7BBJLBPvymzxdC69w="],"block_size":4096,"path":"layouts/th.js"},{"block_hashes":["EQ67pPfj54ig6jcd92Z44HlFVuo1afwotC/kHjhouF4="],"block_size":4096,"path":"layouts/th_pattajoti.js"},{"block_hashes":["5C9c0Mr1Gibgi4t7eFBET9qdV5SbF9AK/3l1E0Hvv3Q="],"block_size":4096,"path":"layouts/th_tis.js"},{"block_hashes":["RJZdaQF+bZ9yNLbg1gQMNBu/v91+JfWocPYqTc4brv4="],"block_size":4096,"path":"layouts/tr_f.js"},{"block_hashes":["d8V7+nqfzTCHeC5+FR5bGke77GA13rkgEoFZFrCOiAg="],"block_size":4096,"path":"layouts/tr_f_accents.js"},{"block_hashes":["bIen6HUMLGIP/0HTGVVn8SbU8ZFL8USlQq7tW6RaY28="],"block_size":4096,"path":"layouts/tr_q.js"},{"block_hashes":["XhYbFb7O0UTJhbf0e3SVyAjuDxSXVdQEBJK0YY8oYOA="],"block_size":4096,"path":"layouts/tr_q_accents.js"},{"block_hashes":["3Ama3ShE/AlfVJZ5aKKCju2wsFVLDxlxaFiJ4wKb0kQ="],"block_size":4096,"path":"layouts/tt.js"},{"block_hashes":["kStplnd2ynafgnTsYHxCJjoxh/E9Xv2Lviq0u+p0lQQ="],"block_size":4096,"path":"layouts/ug.js"},{"block_hashes":["fhEWUr357tmPUvduPCu1Lc14UbWtYwY40kmITuo2Poc="],"block_size":4096,"path":"layouts/uk_101.js"},{"block_hashes":["Xq7uicnnVzVQEDnlZ1BSzfKeGXlf1sSWzm1nqih5oL0="],"block_size":4096,"path":"layouts/ur.js"},{"block_hashes":["b7rF2L3qTy3jJdt/mUEZZnX09tH/bogg7bsCd4873IE="],"block_size":4096,"path":"layouts/us_intl.js"},{"block_hashes":["THPN0nIzRRm9S8T6huM0EEXg/afDEictUaY9Zjxg5ro="],"block_size":4096,"path":"layouts/uz_cyrl_phone.js"},{"block_hashes":["dBmjbT+rB2Z+kzvstXLqX74VWVPANzC9l6IR88ZGKWQ="],"block_size":4096,"path":"layouts/uz_cyrl_type.js"},{"block_hashes":["5J9NU/f39LGCe4fddsMGoFOBXpAwtFxpH+MVM7S/s0s="],"block_size":4096,"path":"layouts/uz_latn.js"},{"block_hashes":["za4SM3NUgaS7r859P7/739JaTwC6XgdwKzn+UbNfZ/c="],"block_size":4096,"path":"layouts/uzs.js"},{"block_hashes":["Fk1YnFjMLo7mGzrCBfHSqWfnrNsbMgUCD1cEQMPosxE=","HywFivCtVhK84HXK6gX2pd6U96ecWBuIsKAtl2hG3ko="],"block_size":4096,"path":"layouts/vi_tcvn.js"},{"block_hashes":["dc3XpXKNzTZ0AmaXS/CIfxeV5UUOTpYeCskVjCTrgVI=","ECqtTIFM86XYE0uqy+sQ70gl6oM2BxBfkhIhwaVlss4=","4Llg4mxDS5kXcvrvSOx8FZQpvPRdqD7WJMC7AOd/4Vk=","IqOxTpXBQuQTNl8g2MykDm8w8wg14ZkQipvKwWPo3AA=","ML7PSKVbhA2oxxUE/Zn9KKN25bycUoxKA+lUJGmLRrg=","aqQQ8FJ9408ZFo2P2EAnadaJvnFnuIuFOI9oC+zm1QE=","66a24PewYf2ucovLZc/Qx/7heENlzIAGIp8PGaUOerw=","9C+Qe8IrOI9+Ah65HYZPFPjFMrkSX4jcJwonOPvAg6Y=","Kn2ARY3YllGjFanZxR2FigGalOhoEbUWqeMhiWFFbHQ=","/ESRtnstSiqES+b0l5v0tSzNxOZXy/Vc66NB44G5D/Q=","2Q9zMDEVPsz0y0cV57rQRO1GoUEAuK/ijePtsNz6jnw=","CTQFE4OWCPDtnc29czi/HhSw+sLtIVp0W7VVzqBoYfo=","C2U5aH0curRTRyZk0SaQftoQmPRuaHVW9RECSjfIKIw=","uKoUNN4ZBpWRxnV2t26QBXbPEoLW3k62eTqv5FSQqsA=","TTgtaMq38zmJu06KHuLDkH7riZ9trCvV9aKYcudIEBo=","YKIIfEpnojJbq2D2C+1VWqk+pFLiFa8p7OfCjQh5+/Y=","H8pR7g7V72ru2YPXmZ7OdSX0V0W6KbpK1nbYMK9+Ev0=","adjaJEnAPjflPO3c8nqoYtaoabijbY/lAt60uqWSQu8="],"block_size":4096,"path":"layouts/vi_telex.js"},{"block_hashes":["hyTzyDPt8lON+3rh/9pUMr/kww5CG/NaBn7a2Bh3bH0="],"block_size":4096,"path":"layouts/vi_viqr.js"},{"block_hashes":["9vejF9prYD7VSeCnVhRdLP7G/G46y/QGQ9HJ+o7oo54="],"block_size":4096,"path":"layouts/vi_vni.js"},{"block_hashes":["amgFdawm3yr9vGzpd0CkoP3G3jb8RCznf4IQNBmbVWc="],"block_size":4096,"path":"layouts/win.js"},{"block_hashes":["h8MSMJ8neNkWCRiXLAT2nxaXc3ZThXx7dXjTxp/fsmw="],"block_size":4096,"path":"layouts/yi.js"},{"block_hashes":["ZIGJ+i9Zr6L0rPoBTA6cpNN7JvZJsExv9DWLgNHUyWE="],"block_size":4096,"path":"layouts/yo_ng.js"},{"block_hashes":["6zNanW9LUbHecsIWH7We/d59Q4gUBOiCpHVLgMC3Gs8="],"block_size":4096,"path":"offscreen.html"},{"block_hashes":["BScN44BY5Z+bXZ/11uksCvVWX5Hr8JN3kz4jhl+Bqhk="],"block_size":4096,"path":"offscreen.js"},{"block_hashes":["dk38udC+QSJcMiMyh/zl8ShP9oA8d89ygl+mI3epoSE="],"block_size":4096,"path":"options.html"},{"block_hashes":["HYEzfDS1P+ftNd6BQNFMS3Tk7kP4k6OWDACOmWDPn28="],"block_size":4096,"path":"popup.html"},{"block_hashes":["sT99cDEJdRxuOp/A58t7nNDlzDfco/BDiIEGfNYEILk=","jhpPGNCq7gwvSRtSgjgP4B7iHpE+/rMiBNi/15v5yJA="],"block_size":4096,"path":"vk_css_bin.css"}],"version":2}